Team A,Team B,Team A Score,Team B Score
Russia,Saudi Arabia,0,0
Egypt,Uruguay,0,1
Morocco,Iran,0,1
Portugal,Spain,0,0
France,Australia,2,0
Argentina,Iceland,2,0
Peru,Denmark,0,0
Croatia,Nigeria,2,0
Costa Rica,Serbia,2,0
Germany,Mexico,2,0
Brazil,Switzerland,1,0
Sweden,South Korea,2,0
Belgium,Panama,2,0
Tunisia,England,0,2
Poland,Senegal,2,0
Colombia,Japan,2,0
Russia,Egypt,0,2
Portugal,Morocco,2,0
Uruguay,Saudi Arabia,2,0
Iran,Spain,0,2
France,Peru,0,0
Denmark,Australia,2,0
Argentina,Croatia,2,0
Brazil,Costa Rica,2,0
Nigeria,Iceland,0,2
Serbia,Switzerland,0,2
Belgium,Tunisia,2,0
Germany,Sweden,2,0
South Korea,Mexico,0,2
England,Panama,2,0
Japan,Senegal,0,2
Poland,Colombia,1,0
Uruguay,Russia,2,0
Saudi Arabia,Egypt,0,2
Spain,Morocco,2,0
Iran,Portugal,0,2
Denmark,France,0,0
Australia,Peru,0,2
Nigeria,Argentina,0,2
Iceland,Croatia,0,0
South Korea,Germany,0,2
Mexico,Sweden,0,0
Serbia,Brazil,0,2
Switzerland,Costa Rica,2,0
Japan,Poland,0,2
Senegal,Colombia,0,1
England,Belgium,0,1
Panama,Tunisia,0,2
France,Argentina,0,0
Uruguay,Portugal,0,2
Spain,Russia,2,0
Croatia,Denmark,0,0
Brazil,Mexico,2,0
Belgium,Japan,2,0
Sweden,Switzerland,0,1
Colombia,England,0,0
Uruguay,France,0,2
Brazil,Belgium,0,0
Sweden,England,0,0
Russia,Croatia,0,2
France,Belgium,0,0
England,Croatia,0,0
Belgium,England,1,0
France,Croatia,1,0
