Team A,Team B,Team A Score,Team B Score
Russia,Saudi Arabia,2,1
Egypt,Uruguay,1,2
Morocco,Iran,1,1
Portugal,Spain,1,2
France,Australia,3,1
Argentina,Iceland,2,1
Peru,Denmark,1,1
Croatia,Nigeria,1,1
Costa Rica,Serbia,1,2
Germany,Mexico,2,1
Brazil,Switzerland,2,1
Sweden,South Korea,2,1
Belgium,Panama,2,1
Tunisia,England,1,2
Poland,Senegal,1,1
Colombia,Japan,2,1
Russia,Egypt,2,1
Portugal,Morocco,2,1
Uruguay,Saudi Arabia,2,1
Iran,Spain,0,2
France,Peru,2,1
Denmark,Australia,2,1
Argentina,Croatia,1,1
Brazil,Costa Rica,2,0
Nigeria,Iceland,1,1
Serbia,Switzerland,1,1
Belgium,Tunisia,2,1
Germany,Sweden,2,1
South Korea,Mexico,1,2
England,Panama,2,0
Japan,Senegal,1,1
Poland,Colombia,1,1
Uruguay,Russia,1,1
Saudi Arabia,Egypt,1,2
Spain,Morocco,2,1
Iran,Portugal,1,2
Denmark,France,1,2
Australia,Peru,1,1
Nigeria,Argentina,1,2
Iceland,Croatia,1,2
South Korea,Germany,1,3
Mexico,Sweden,1,1
Serbia,Brazil,1,2
Switzerland,Costa Rica,2,1
Japan,Poland,2,2
Senegal,Colombia,1,1
England,Belgium,1,1
Panama,Tunisia,1,1
France,Argentina,1,1
Uruguay,Portugal,1,1
Spain,Russia,2,1
Croatia,Denmark,1,1
Brazil,Mexico,2,1
Belgium,Japan,2,1
Sweden,Switzerland,1,1
Colombia,England,1,1
Uruguay,France,1,1
Brazil,Belgium,2,1
Sweden,England,1,1
Russia,Croatia,1,2
France,Belgium,1,2
Croatia,England,0,1
Belgium,England,0,1
France,Croatia,0,2
