Team A,Team B,Team A Score,Team B Score
Russia,Saudi Arabia,2,0
Egypt,Uruguay,0,2
Morocco,Iran,1,0
Portugal,Spain,1,2
France,Australia,3,1
Argentina,Iceland,2,0
Peru,Denmark,1,1
Croatia,Nigeria,2,1
Costa Rica,Serbia,1,1
Germany,Mexico,3,1
Brazil,Switzerland,3,1
Sweden,South Korea,1,0
Belgium,Panama,2,0
Tunisia,England,1,3
Poland,Senegal,1,3
Colombia,Japan,2,1
Russia,Egypt,1,1
Portugal,Morocco,3,1
Uruguay,Saudi Arabia,2,0
Iran,Spain,0,3
France,Peru,3,0
Denmark,Australia,1,0
Argentina,Croatia,2,1
Brazil,Costa Rica,3,0
Nigeria,Iceland,2,1
Serbia,Switzerland,1,1
Belgium,Tunisia,4,1
Germany,Sweden,4,1
South Korea,Mexico,0,2
England,Panama,4,0
Japan,Senegal,0,0
Poland,Colombia,1,1
Uruguay,Russia,2,0
Saudi Arabia,Egypt,0,0
Spain,Morocco,3,0
Iran,Portugal,0,2
Denmark,France,1,3
Australia,Peru,0,1
Nigeria,Argentina,0,1
Iceland,Croatia,1,1
South Korea,Germany,0,4
Mexico,Sweden,1,0
Serbia,Brazil,0,4
Switzerland,Costa Rica,1,0
Japan,Poland,0,0
Senegal,Colombia,0,1
England,Belgium,1,2
Panama,Tunisia,1,0
France,Argentina,2,1
Uruguay,Portugal,1,2
Spain,Russia,1,3
Croatia,Denmark,2,0
Brazil,Mexico,3,1
Belgium,Japan,2,0
Sweden,Switzerland,1,2
Colombia,England,1,2
Uruguay,France,1,2
Brazil,Belgium,2,1
Sweden ,England,0,1
Russia,Croatia,1,2
France,Belgium,2,1
England,Croatia,2,1
Belgium,England,2,1
France,Croatia,2,1
