Team A,Team B,Team A Score,Team B Score
Russia,Saudi Arabia,2,1
Egypt,Uruguay,1,2
Morocco,Iran,1,1
Portugal,Spain,1,3
France,Australia,2,0
Argentina,Iceland,4,0
Peru,Denmark,2,1
Croatia,Nigeria,1,0
Costa Rica,Serbia,0,2
Germany,Mexico,3,1
Brazil,Switzerland,3,0
Sweden,South Korea,1,0
Belgium,Panama,3,0
Tunisia,England,1,2
Poland,Senegal,1,3
Colombia,Japan,2,1
Russia,Egypt,0,1
Portugal,Morocco,2,0
Uruguay,Saudi Arabia,2,1
Iran,Spain,1,3
France,Peru,4,1
Denmark,Australia,1,0
Argentina,Croatia,2,1
Brazil,Costa Rica,3,0
Nigeria,Iceland,1,1
Serbia,Switzerland,1,1
Belgium,Tunisia,2,0
Germany,Sweden,2,0
South Korea,Mexico,1,3
England,Panama,2,0
Japan,Senegal,1,3
Poland,Colombia,1,1
Uruguay,Russia,1,0
Saudi Arabia,Egypt,1,3
Spain,Morocco,4,0
Iran,Portugal,1,3
Denmark,France,2,3
Australia,Peru,1,1
Nigeria,Argentina,1,4
Iceland,Croatia,1,1
South Korea,Germany,0,2
Mexico,Sweden,1,0
Serbia,Brazil,1,4
Switzerland,Costa Rica,1,1
Japan,Poland,0,2
Senegal,Colombia,2,1
England,Belgium,1,3
Panama,Tunisia,1,4
France,Argentina,2,1
Uruguay,Portugal,1,0
Spain,Russia,2,1
Croatia,Denmark,1,0
Brazil,Mexico,3,1
Belgium,Japan,0,0
Sweden,Switzerland,1,2
Colombia,England,0,0
Uruguay,France,2,3
Brazil,Belgium,2,1
Sweden,England,2,2
Russia,Croatia,1,4
France,Belgium,3,1
England,Croatia,2,2
