Team A,Team B,Team A Score,Team B Score
Russia,Saudi Arabia,3,0
Egypt,Uruguay,0,2
Morocco,Iran,1,1
Portugal,Spain,1,2
France,Australia,2,0
Argentina,Iceland,2,1
Peru,Denmark,1,1
Croatia,Nigeria,2,0
Costa Rica,Serbia,1,1
Germany,Mexico,2,1
Brazil,Switzerland,2,0
Sweden,South Korea,1,1
Belgium,Panama,3,0
Tunisia,England,0,3
Poland,Senegal,1,1
Colombia,Japan,2,1
Russia,Egypt,1,1
Portugal,Morocco,2,0
Uruguay,Saudi Arabia,3,0
Iran,Spain,0,3
France,Peru,3,1
Denmark,Australia,2,0
Argentina,Croatia,2,0
Brazil,Costa Rica,3,0
Nigeria,Iceland,1,1
Serbia,Switzerland,1,1
Belgium,Tunisia,2,0
Germany,Sweden,2,0
South Korea,Mexico,1,1
England,Panama,3,0
Japan,Senegal,1,1
Poland,Colombia,1,2
Uruguay,Russia,1,1
Saudi Arabia,Egypt,0,2
Spain,Morocco,2,1
Iran,Portugal,0,2
Denmark,France,0,3
Australia,Peru,1,1
Nigeria,Argentina,1,3
Iceland,Croatia,1,2
South Korea,Germany,0,4
Mexico,Sweden,1,1
Serbia,Brazil,0,3
Switzerland,Costa Rica,1,1
Japan,Poland,1,2
Senegal,Colombia,1,2
England,Belgium,1,2
Panama,Tunisia,1,2
France,Argentina,1,1
Uruguay,Portugal,1,1
Spain,Russia,2,0
Croatia,Denmark,1,1
Brazil,Mexico,3,0
Belgium,Japan,2,0
Sweden,Switzerland,1,2
Colombia,England,0,2
Uruguay,France,1,2
Brazil,Belgium,2,0
Sweden,England,1,2
Russia,Croatia,1,2
France,Brazil,1,1
England,Croatia,2,1
Brazil,Croatia,2,0
France,England,2,1
