Team A,Team B,Team A Score,Team B Score
Russia,Saudi Arabia,2,0
Egypt,Uruguay,0,2
Morocco,Iran,2,0
Portugal,Spain,0,1
France,Australia,3,0
Argentina,Iceland,1,0
Peru,Denmark,1,0
Croatia,Nigeria,2,0
Costa Rica,Serbia,1,2
Germany,Mexico,2,0
Brazil,Switzerland,3,1
Sweden,South Korea,1,0
Belgium,Panama,3,0
Tunisia,England,0,2
Poland,Senegal,2,0
Colombia,Japan,1,0
Russia,Egypt,0,1
Portugal,Morocco,1,0
Uruguay,Saudi Arabia,3,0
Iran,Spain,0,3
France,Peru,2,0
Denmark,Australia,1,0
Argentina,Croatia,1,0
Brazil,Costa Rica,2,0
Nigeria,Iceland,1,1
Serbia,Switzerland,1,0
Belgium,Tunisia,3,0
Germany,Sweden,2,0
South Korea,Mexico,0,1
England,Panama,2,0
Japan,Senegal,0,1
Poland,Colombia,0,0
Uruguay,Russia,1,0
Saudi Arabia,Egypt,0,2
Spain,Morocco,2,0
Iran,Portugal,0,2
Denmark,France,0,2
Australia,Peru,0,1
Nigeria,Argentina,0,2
Iceland,Croatia,1,1
South Korea,Germany,0,2
Mexico,Sweden,1,0
Serbia,Brazil,0,2
Switzerland,Costa Rica,1,1
Japan,Poland,0,2
Senegal,Colombia,0,2
England,Belgium,1,2
Panama,Tunisia,0,1
France,Argentina,2,1
Uruguay,Portugal,2,3
Spain,Russia,2,1
Croatia,Denmark,2,0
Brazil,Mexico,3,0
Belgium,Japan,3,0
Sweden,Switzerland,1,0
Colombia,England,0,2
Uruguay,France,1,2
Brazil,Belgium,1,2
Sweden,England,0,1
Russia,Croatia,0,1
France,Belgium,1,2
England,Croatia,2,0
Belgium,England,2,1
France,Croatia,0,1
