Team A,Team B,Team A Score,Team B Score
Russia,Saudi Arabia,0,5
Egypt,Uruguay,0,1
Morocco,Iran,1,2
Portugal,Spain,2,3
France,Australia,3,0
Argentina,Iceland,3,1
Peru,Denmark,0,1
Croatia,Nigeria,2,0
Costa Rica,Serbia,0,3
Germany,Mexico,5,0
Brazil,Switzerland,4,0
Sweden,South Korea,2,2
Belgium,Panama,3,0
Tunisia,England,0,2
Poland,Senegal,3,2
Colombia,Japan,1,1
Russia,Egypt,3,0
Portugal,Morocco,2,0
Uruguay,Saudi Arabia,1,0
Iran,Spain,0,6
France,Peru,3,0
Denmark,Australia,2,0
Argentina,Croatia,2,1
Brazil,Costa Rica,3,0
Nigeria,Iceland,0,1
Serbia,Switzerland,0,0
Belgium,Tunisia,4,0
Germany,Sweden,3,1
South Korea,Mexico,0,1
England,Panama,7,2
Japan,Senegal,0,0
Poland,Colombia,0,1
Uruguay,Russia,1,2
Saudi Arabia,Egypt,1,1
Spain,Morocco,5,0
Iran,Portugal,0,3
Denmark,France,1,2
Australia,Peru,2,2
Nigeria,Argentina,0,6
Iceland,Croatia,1,1
South Korea,Germany,0,3
Mexico,Sweden,1,2
Serbia,Brazil,0,5
Switzerland,Costa Rica,1,2
Japan,Poland,0,0
Senegal,Colombia,1,1
England,Belgium,3,2
Panama,Tunisia,2,2
France,Argentina,2,1
Uruguay,Portugal,1,1
Spain,Russia,3,0
Croatia,Denmark,2,1
Brazil,Mexico,3,2
Belgium,Japan,2,1
Sweden,Switzerland,1,0
Colombia,England,1,2
Uruguay,France,2,2
Brazil,Belgium,2,1
Sweden,England,1,2
Russia,Croatia,2,2
France,Belgium,3,1
England,Croatia,3,1
Belgium,England,1,2
France,Croatia,5,0
