Team A,Team B,Team A Score,Team B Score
Russia,Saudi Arabia,0,1
Egypt,Uruguay,1,3
Morocco,Iran,1,0
Portugal,Spain,1,0
France,Australia,0,1
Argentina,Iceland,2,0
Peru,Denmark,0,1
Croatia,Nigeria,1,3
Costa Rica,Serbia,1,1
Germany,Mexico,2,0
Brazil,Switzerland,1,1
Sweden,South Korea,1,1
Belgium,Panama,2,0
Tunisia,England,1,3
Poland,Senegal,0,2
Colombia,Japan,1,0
Russia,Egypt,2,0
Portugal,Morocco,2,0
Uruguay,Saudi Arabia,0,0
Iran,Spain,0,2
France,Peru,2,0
Denmark,Australia,0,2
Argentina,Croatia,2,0
Brazil,Costa Rica,0,0
Nigeria,Iceland,0,2
Serbia,Switzerland,1,1
Belgium,Tunisia,1,3
Germany,Sweden,2,0
South Korea,Mexico,0,0
England,Panama,2,0
Japan,Senegal,1,3
Poland,Colombia,0,2
Uruguay,Russia,2,0
Saudi Arabia,Egypt,2,0
Spain,Morocco,1,3
Iran,Portugal,1,1
Denmark,France,2,0
Australia,Peru,1,1
Nigeria,Argentina,1,3
Iceland,Croatia,1,3
South Korea,Germany,0,0
Mexico,Sweden,1,3
Serbia,Brazil,1,3
Switzerland,Costa Rica,2,0
Japan,Poland,0,2
Senegal,Colombia,1,3
England,Belgium,1,3
Panama,Tunisia,1,3
France,Argentina,3,0
Uruguay,Portugal,1,1
Spain,Russia,3,0
Croatia,Denmark,0,4
Brazil,Mexico,1,1
Belgium,Japan,1,1
Sweden,Switzerland,1,1
Colombia,England,0,6
Uruguay,France,1,2
Brazil,Belgium,0,1
Sweden,England,1,1
Russia,Croatia,1,2
France,Belgium,1,0
England,Croatia,2,1
