Team A,Team B,Team A Score,Team B Score,,,,,,,,,,,
Russia,Saudi Arabia,2,0,,,,,,,,,,,
Egypt,Uruguay,1,3,,,,,,,,,,,
Morocco,Iran,1,0,,,,,,,,,,,
Portugal,Spain,2,1,,,,,,,,,,,
France,Australia,3,0,,,,,,,,,,,
Argentina,Iceland,3,0,,,,,,,,,,,
Peru,Denmark,1,1,,,,,,,,,,,
Croatia,Nigeria,2,1,,,,,,,,,,,
Costa Rica,Serbia,1,1,,,,,,,,,,,
Germany,Mexico,2,0,,,,,,,,,,,
Brazil,Switzerland,3,0,,,,,,,,,,,
Sweden,South Korea,1,1,,,,,,,,,,,
Belgium,Panama,4,0,,,,,,,,,,,
Tunisia,England,1,2,,,,,,,,,,,
Poland,Senegal,1,1,,,,,,,,,,,
Colombia,Japan,2,0,,,,,,,,,,,
Russia,Egypt,1,1,,,,,,,,,,,
Portugal,Morocco,2,0,,,,,,,,,,,
Uruguay,Saudi Arabia,4,0,,,,,,,,,,,
Iran,Spain,0,3,,,,,,,,,,,
France,Peru,3,0,,,,,,,,,,,
Denmark,Australia,1,1,,,,,,,,,,,
Argentina,Croatia,2,1,,,,,,,,,,,
Brazil,Costa Rica,3,0,,,,,,,,,,,
Nigeria,Iceland,1,1,,,,,,,,,,,
Serbia,Switzerland,1,1,,,,,,,,,,,
Belgium,Tunisia,3,0,,,,,,,,,,,
Germany,Sweden,3,1,,,,,,,,,,,
South Korea,Mexico,0,1,,,,,,,,,,,
England,Panama,2,0,,,,,,,,,,,
Japan,Senegal,1,1,,,,,,,,,,,
Poland,Colombia,1,1,,,,,,,,,,,
Uruguay,Russia,2,0,,,,,,,,,,,
Saudi Arabia,Egypt,0,2,,,,,,,,,,,
Spain,Morocco,2,0,,,,,,,,,,,
Iran,Portugal,0,3,,,,,,,,,,,
Denmark,France,1,2,,,,,,,,,,,
Australia,Peru,0,1,,,,,,,,,,,
Nigeria,Argentina,1,3,,,,,,,,,,,
Iceland,Croatia,1,2,,,,,,,,,,,
South Korea,Germany,0,2,,,,,,,,,,,
Mexico,Sweden,1,1,,,,,,,,,,,
Serbia,Brazil,0,3,,,,,,,,,,,
Switzerland,Costa Rica,1,1,,,,,,,,,,,
Japan,Poland,1,2,,,,,,,,,,,
Senegal,Colombia,1,1,,,,,,,,,,,
England,Belgium,1,1,,,,,,,,,,,
Panama,Tunisia,0,1,,,,,,,,,,,
