Team A,Team B,Team A Score,Team B Score
Russia,Saudi Arabia,2,0
Egypt,Uruguay,1,2
Morocco,Iran,1,0
Portugal,Spain,1,2
France,Australia,2,0
Argentina,Iceland,2,0
Peru,Denmark,1,1
Croatia,Nigeria,2,1
Costa Rica,Serbia,1,2
Germany,Mexico,3,1
Brazil,Switzerland,3,1
Sweden,South Korea,1,0
Belgium,Panama,3,0
Tunisia,England,0,2
Poland,Senegal,2,1
Colombia,Japan,2,1
Russia,Egypt,1,1
Portugal,Morocco,2,1
Uruguay,Saudi Arabia,3,0
Iran,Spain,0,3
France,Peru,2,1
Denmark,Australia,2,1
Argentina,Croatia,2,1
Brazil,Costa Rica,3,0
Nigeria,Iceland,2,2
Serbia,Switzerland,1,1
Belgium,Tunisia,3,1
Germany,Sweden,2,0
South Korea,Mexico,1,2
England,Panama,2,1
Japan,Senegal,1,1
Poland,Colombia,1,1
Uruguay,Russia,2,0
Saudi Arabia,Egypt,0,2
Spain,Morocco,2,1
Iran,Portugal,1,2
Denmark,France,1,2
Australia,Peru,1,2
Nigeria,Argentina,1,3
Iceland,Croatia,2,2
South Korea,Germany,0,3
Mexico,Sweden,2,1
Serbia,Brazil,1,3
Switzerland,Costa Rica,2,1
Japan,Poland,1,2
Senegal,Colombia,1,2
England,Belgium,1,2
Panama,Tunisia,0,0
France,Argentina,2,1
Uruguay,Portugal,1,2
Spain,Russia,2,1
Croatia,Denmark,2,0
Brazil,Mexico,2,0
Belgium,Japan,3,0
Sweden,Switzerland,2,1
Colombia,England,1,2
Uruguay,France,1,2
Brazil,Belgium,2,1
Sweden,England,0,1
Russia,Croatia,1,2
France,Belgium,2,1
England,Croatia,1,2
Belgium,England,2,1
France,Croatia,1,0
