Team A,Team B,Team A Score,Team B Score
Russia,Saudi Arabia,1,1
Egypt,Uruguay,0,2
Morocco,Iran,0,1
Portugal,Spain,1,1
France,Australia,2,0
Argentina,Iceland,3,0
Peru,Denmark,2,1
Croatia,Nigeria,1,1
Costa Rica,Serbia,1,1
Germany,Mexico,3,1
Brazil,Switzerland,3,0
Sweden,South Korea,2,2
Belgium,Panama,2,0
Tunisia,England,0,3
Poland,Senegal,2,0
Colombia,Japan,3,1
Russia,Egypt,1,1
Portugal,Morocco,2,0
Uruguay,Saudi Arabia,3,0
Iran,Spain,0,2
France,Peru,2,2
Denmark,Australia,2,1
Argentina,Croatia,2,0
Brazil,Costa Rica,2,0
Nigeria,Iceland,0,1
Serbia,Switzerland,0,2
Belgium,Tunisia,2,0
Germany,Sweden,2,0
South Korea,Mexico,1,1
England,Panama,2,0
Japan,Senegal,1,0
Poland,Colombia,0,1
Uruguay,Russia,1,0
Saudi Arabia,Egypt,0,2
Spain,Morocco,2,0
Iran,Portugal,0,2
Denmark,France,1,2
Australia,Peru,1,1
Nigeria,Argentina,0,3
Iceland,Croatia,1,0
South Korea,Germany,1,3
Mexico,Sweden,1,1
Serbia,Brazil,0,2
Switzerland,Costa Rica,1,0
Japan,Poland,1,1
Senegal,Colombia,0,1
England,Belgium,1,1
Panama,Tunisia,0,0
France,Argentina,1,1
Uruguay,Portugal,1,1
Spain,Russia,1,1
Croatia,Denmark,2,1
Brazil,Mexico,2,1
Belgium,Japan,3,1
Sweden,Switzerland,1,1
Colombia,England,2,1
Uruguay,France,1,1
Brazil,Belgium,1,2
Sweden,England,1,2
Russia,Croatia,1,1
France,Belgium,1,1
England,Croatia,2,1
