Team A,Team B,Team A Score,Team B Score
Russia,Saudi Arabia,1,1
Egypt,Uruguay,1,2
Morocco,Iran,0,0
Portugal,Spain,1,1
France,Australia,3,0
Argentina,Iceland,2,0
Peru,Denmark,1,0
Croatia,Nigeria,1,1
Costa Rica,Serbia,0,1
Germany,Mexico,3,1
Brazil,Switzerland,2,1
Sweden,South Korea,1,1
Belgium,Panama,4,0
Tunisia,England,0,1
Poland,Senegal,2,2
Colombia,Japan,1,0
Russia,Egypt,0,2
Portugal,Morocco,2,0
Uruguay,Saudi Arabia,3,0
Iran,Spain,0,2
France,Peru,4,1
Denmark,Australia,0,0
Argentina,Croatia,1,1
Brazil,Costa Rica,2,0
Nigeria,Iceland,2,2
Serbia,Switzerland,0,0
Belgium,Tunisia,3,1
Germany,Sweden,1,0
South Korea,Mexico,0,1
England,Panama,2,1
Japan,Senegal,1,1
Poland,Colombia,1,1
Uruguay,Russia,2,0
Saudi Arabia,Egypt,0,1
Spain,Morocco,2,0
Iran,Portugal,0,1
Denmark,France,2,2
Australia,Peru,0,0
Nigeria,Argentina,1,3
Iceland,Croatia,1,2
South Korea,Germany,1,2
Mexico,Sweden,2,1
Serbia,Brazil,0,2
Switzerland,Costa Rica,1,1
Japan,Poland,1,3
Senegal,Colombia,2,2
England,Belgium,0,2
Panama,Tunisia,0,1
France,Argentina,1,1
Uruguay,Portugal,1,0
Spain,Russia,2,0
Croatia,Denmark,2,1
Brazil,Mexico,2,1
Belgium,Japan,3,1
Sweden,Switzerland,0,1
Colombia,England,2,0
Uruguay,France,1,0
Brazil,Belgium,2,2
Sweden,England,3,0
Russia,Croatia,2,1
France,Belgium,2,1
England,Croatia,1,2
Belgium,England,2,0
France,Croatia,2,1
Belgium,England,0,1
France,Croatia,3,0
