Team A,Team B,Team A Score,Team B Score
Russia,Saudi Arabia,2,0
Egypt,Uruguay,1,2
Morocco,Iran,1,1
Portugal,Spain,2,1
France,Australia,3,0
Argentina,Iceland,2,1
Peru,Denmark,0,1
Croatia,Nigeria,1,1
Costa Rica,Serbia,1,1
Germany,Mexico,3,1
Brazil,Switzerland,3,1
Sweden,South Korea,1,1
Belgium,Panama,4,0
Tunisia,England,1,3
Poland,Senegal,1,1
Colombia,Japan,2,1
Russia,Egypt,1,1
Portugal,Morocco,2,1
Uruguay,Saudi Arabia,2,1
Iran,Spain,0,3
France,Peru,3,1
Denmark,Australia,1,1
Argentina,Croatia,1,1
Brazil,Costa Rica,3,0
Nigeria,Iceland,1,1
Serbia,Switzerland,1,1
Belgium,Tunisia,2,1
Germany,Sweden,2,1
South Korea,Mexico,1,1
England,Panama,4,0
Japan,Senegal,1,1
Poland,Colombia,1,1
Uruguay,Russia,1,1
Saudi Arabia,Egypt,1,1
Spain,Morocco,3,0
Iran,Portugal,1,2
Denmark,France,1,2
Australia,Peru,1,1
Nigeria,Argentina,1,2
Iceland,Croatia,1,1
South Korea,Germany,0,3
Mexico,Sweden,1,1
Serbia,Brazil,1,2
Switzerland,Costa Rica,1,1
Japan,Poland,1,2
Senegal,Colombia,1,1
England,Belgium,2,2
Panama,Tunisia,1,1
France,Argentina,1,0
Uruguay,Portugal,1,1
Spain,Russia,2,0
Croatia,Denmark,1,0
Brazil,Mexico,2,0
Belgium,Japan,3,0
Sweden,Switzerland,1,1
Colombia,England,0,1
Uruguay,France,0,1
Brazil,Belgium,2,1
Sweden,England,0,1
Russia,Croatia,0,1
France,Belgium,1,0
England,Croatia,1,0
