Team A,Team B,Team A Score,Team B Score
Russia,Saudi Arabia,1,0
Egypt,Uruguay,0,2
Morocco,Iran,1,0
Portugal,Spain,1,1
France,Australia,2,0
Argentina,Iceland,2,0
Peru,Denmark,1,1
Croatia,Nigeria,1,0
Costa Rica,Serbia,1,2
Germany,Mexico,3,0
Brazil,Switzerland,2,0
Sweden,South Korea,0,0
Belgium,Panama,2,0
Tunisia,England,0,2
Poland,Senegal,1,0
Colombia,Japan,1,1
Russia,Egypt,0,0
Portugal,Morocco,2,0
Uruguay,Saudi Arabia,1,0
Iran,Spain,0,2
France,Peru,2,0
Denmark,Australia,1,1
Argentina,Croatia,2,1
Brazil,Costa Rica,1,0
Nigeria,Iceland,2,1
Serbia,Switzerland,0,0
Belgium,Tunisia,1,0
Germany,Sweden,2,1
South Korea,Mexico,0,1
England,Panama,2,0
Japan,Senegal,0,0
Poland,Colombia,1,1
Uruguay,Russia,2,1
Saudi Arabia,Egypt,0,0
Spain,Morocco,2,1
Iran,Portugal,0,2
Denmark,France,0,1
Australia,Peru,0,0
Nigeria,Argentina,1,3
Iceland,Croatia,1,1
South Korea,Germany,0,3
Mexico,Sweden,2,1
Serbia,Brazil,0,2
Switzerland,Costa Rica,1,0
Japan,Poland,1,1
Senegal,Colombia,0,0
England,Belgium,1,1
Panama,Tunisia,0,1
France,Argentina,2,0
Uruguay,Portugal,1,2
Spain,Russia,3,1
Croatia,Denmark,4,1
Brazil,Mexico,2,0
Belgium,Japan,3,1
Sweden,Switzerland,3,2
Colombia,England,1,4
Uruguay,France,0,1
Brazil,Belgium,1,0
Switzerland,Colombia,0,1
Russia,Croatia,0,1
France,Belgium,1,0
England,Croatia,2,1
Belguim,England,0,1
France,Croatia,2,1
