Team A,Team B,Team A Score,Team B Score
Russia,Saudi Arabia,1,0
Egypt,Uruguay,0,2
Morocco,Iran,2,0
Portugal,Spain,1,2
France,Australia,3,0
Argentina,Iceland,4,0
Peru,Denmark,0,1
Croatia,Nigeria,0,1
Costa Rica,Serbia,0,1
Germany,Mexico,3,0
Brazil,Switzerland,3,0
Sweden,South Korea,1,1
Belgium,Panama,1,1
Tunisia,England,1,2
Poland,Senegal,1,0
Colombia,Japan,2,0
Russia,Egypt,1,1
Portugal,Morocco,2,0
Uruguay,Saudi Arabia,2,0
Iran,Spain,1,4
France,Peru,1,0
Denmark,Australia,2,0
Argentina,Croatia,2,0
Brazil,Costa Rica,4,0
Nigeria,Iceland,1,0
Serbia,Switzerland,1,1
Belgium,Tunisia,1,1
Germany,Sweden,3,1
South Korea,Mexico,0,2
England,Panama,2,1
Japan,Senegal,2,1
Poland,Colombia,1,3
Uruguay,Russia,2,0
Saudi Arabia,Egypt,0,1
Spain,Morocco,2,0
Iran,Portugal,0,2
Denmark,France,1,2
Australia,Peru,1,0
Nigeria,Argentina,1,4
Iceland,Croatia,1,2
South Korea,Germany,1,3
Mexico,Sweden,1,2
Serbia,Brazil,0,3
Switzerland,Costa Rica,1,0
Japan,Poland,1,2
Senegal,Colombia,0,3
England,Belgium,1,1
Panama,Tunisia,1,1
France,Argentina,2,0
Uruguay,Portugal,2,2
Spain,Russia,4,0
Croatia,Denmark,1,0
Brazil,Mexico,2,1
Belgium,Japan,2,1
Sweden,Switzerland,0,1
Colombia,England,1,1
Uruguay,France,0,1
Brazil,Belgium,2,1
Sweden,England,0,1
Russia,Croatia,1,3
France,Belgium,1,0
England,Croatia,3,1
Belgium,England,1,2
France,Croatia,3,1
