Team A,Team B,Team A Score,Team B Score
Russia,Saudi Arabia,2,1
Egypt,Uruguay,0,1
Morocco,Iran,1,1
Portugal,Spain,2,1
France,Australia,3,1
Argentina,Iceland,4,0
Peru,Denmark,1,0
Croatia,Nigeria,1,1
Costa Rica,Serbia,0,2
Germany,Mexico,1,1
Brazil,Switzerland,1,0
Sweden,South Korea,2,1
Belgium,Panama,3,0
Tunisia,England,0,3
Poland,Senegal,2,1
Colombia,Japan,2,0
Russia,Egypt,1,0
Portugal,Morocco,3,0
Uruguay,Saudi Arabia,2,0
Iran,Spain,0,3
France,Peru,2,1
Denmark,Australia,0,0
Argentina,Croatia,2,1
Brazil,Costa Rica,3,0
Nigeria,Iceland,1,0
Serbia,Switzerland,0,1
Belgium,Tunisia,3,0
Germany,Sweden,2,1
South Korea,Mexico,1,2
England,Panama,3,0
Japan,Senegal,0,1
Poland,Colombia,1,2
Uruguay,Russia,1,1
Saudi Arabia,Egypt,1,3
Spain,Morocco,2,0
Iran,Portugal,0,5
Denmark,France,0,2
Australia,Peru,1,1
Nigeria,Argentina,1,2
Iceland,Croatia,0,0
South Korea,Germany,0,2
Mexico,Sweden,2,1
Serbia,Brazil,1,4
Switzerland,Costa Rica,1,1
Japan,Poland,1,2
Senegal,Colombia,1,2
England,Belgium,1,1
Panama,Tunisia,0,2
France,Argentina,1,1
Uruguay,Portugal,0,0
Spain,Russia,3,1
Croatia,Denmark,2,0
Brazil,Mexico,2,1
Belgium,Japan,3,1
Sweden,Switzerland,1,1
Colombia,England,1,2
Uruguay,France,1,1
Brazil,Belgium,1,1
Sweden,England,1,2
Russia,Croatia,1,1
France,Belgium,1,1
England,Croatia,2,1
Belgium,England,1,1
France,Croatia,1,1
