Team A,Team B,Team A Score,Team B Score
Russia,Saudi Arabia,2,0
Egypt,Uruguay,1,2
Morocco,Iran,1,0
Portugal,Spain,1,1
France,Australia,2,0
Argentina,Iceland,2,0
Peru,Denmark,1,1
Croatia,Nigeria,2,1
Costa Rica,Serbia,1,1
Germany,Mexico,2,0
Brazil,Switzerland,2,0
Sweden,South Korea,1,1
Belgium,Panama,3,0
Tunisia,England,0,2
Poland,Senegal,1,1
Colombia,Japan,2,0
Russia,Egypt,1,1
Portugal,Morocco,2,0
Uruguay,Saudi Arabia,3,0
Iran,Spain,0,3
France,Peru,2,0
Denmark,Australia,1,1
Argentina,Croatia,2,1
Brazil,Costa Rica,2,0
Nigeria,Iceland,1,1
Serbia,Switzerland,1,1
Belgium,Tunisia,2,0
Germany,Sweden,3,1
South Korea,Mexico,0,1
England,Panama,2,0
Japan,Senegal,1,1
Poland,Colombia,1,1
Uruguay,Russia,2,0
Saudi Arabia,Egypt,0,2
Spain,Morocco,2,0
Iran,Portugal,0,2
Denmark,France,1,2
Australia,Peru,0,1
Nigeria,Argentina,1,2
Iceland,Croatia,1,2
South Korea,Germany,0,2
Mexico,Sweden,1,1
Serbia,Brazil,0,2
Switzerland,Costa Rica,1,1
Japan,Poland,1,2
Senegal,Colombia,1,1
England,Belgium,1,1
Panama,Tunisia,0,1
France,Argentina,2,1
Uruguay,Portugal,1,0
Spain,Russia,2,1
Croatia,Denmark,2,0
Brazil,Mexico,2,0
Belgium,Japan,2,0
Sweden,Switzerland,0,1
Colombia,England,0,1
Uruguay,France,0,1
Brazil,Belgium,2,1
Sweden,England,0,1
Russia,Croatia,0,1
France,Belgium,2,0
England,Croatia,2,1
Belgium,England,2,1
France,Croatia,2,0
