ModelName,ModelFileName,Team
Random 1,Random Numbers1.csv,Random
Random 2,Random Numbers2.csv,Random
Fifa Simple,FifaRankingSlidingSimple.csv,Fifa Ranking
Fifa Sliding Scale,FifaRankingSlidingScale1.csv,Fifa Ranking
Predictions 1,Model (1).csv,Team 1
Predictions 2,Model (2).csv,Team 2
Predictions 3,Model (3).csv,Team 3
Predictions 4,Model (4).csv,Team 4
Predictions 5,Model (5).csv,Team 5
Predictions 6,Model (6).csv,Team 6
Predictions 7,Model (7).csv,Team 7
Predictions 8,Model (8).csv,Team 8
Predictions 9,Model (9).csv,Team 9
Predictions 10,Model (10).csv,Team 10
Predictions 11,Model (11).csv,Team 11
Predictions 12,Model (12).csv,Team 12
Predictions 13,Model (13).csv,Team 13
Predictions 14,Model (14).csv,Team 14
Predictions 15,Model (15).csv,Team 15
Predictions 16,Model (16).csv,Team 16
Predictions 17,Model (17).csv,Team 17
Predictions 18,Model (18).csv,Team 18
Predictions 19,Model (19).csv,Team 19
Predictions 20,Model (20).csv,Team 20
Predictions 21,Model (21).csv,Team 21
Predictions 22,Model (22).csv,Team 22
Predictions 23,Model (23).csv,Team 23
Predictions 24,Model (24).csv,Team 24
Predictions 25,Model (25).csv,Team 25
Predictions 26,Model (26).csv,Team 26
Predictions 27,Model (27).csv,Team 27
Predictions 28,Model (28).csv,Team 28
Predictions 29,Model (29).csv,Team 29
Predictions 30,Model (30).csv,Team 30
Predictions 31,Model (31).csv,Team 31
Predictions 32,Model (32).csv,Team 32
Predictions 33,Model (33).csv,Team 33
Predictions 34,Model (34).csv,Team 34
Predictions 35,Model (35).csv,Team 35
Predictions 36,Model (36).csv,Team 36
Predictions 37,Model (37).csv,Team 37
Predictions 38,Model (38).csv,Team 38
Predictions 39,Model (39).csv,Team 39
