Team A,Team B,Team A Score,Team B Score
Russia,Saudi Arabia,1,1
Egypt,Uruguay,0,2
Morocco,Iran,1,0
Portugal,Spain,2,2
France,Australia,2,1
Argentina,Iceland,2,0
Peru,Denmark,1,1
Croatia,Nigeria,3,0
Costa Rica,Serbia,1,2
Germany,Mexico,3,1
Brazil,Switzerland,2,0
Sweden,South Korea,0,0
Belgium,Panama,3,0
Tunisia,England,1,3
Poland,Senegal,1,0
Colombia,Japan,2,1
Russia,Egypt,0,0
Portugal,Morocco,1,0
Uruguay,Saudi Arabia,2,0
Iran,Spain,1,2
France,Peru,2,0
Denmark,Australia,0,0
Argentina,Croatia,2,1
Brazil,Costa Rica,1,0
Nigeria,Iceland,1,2
Serbia,Switzerland,0,0
Belgium,Tunisia,1,0
Germany,Sweden,1,1
South Korea,Mexico,0,1
England,Panama,2,0
Japan,Senegal,0,0
Poland,Colombia,1,1
Uruguay,Russia,2,1
Saudi Arabia,Egypt,0,0
Spain,Morocco,2,1
Iran,Portugal,0,2
Denmark,France,0,1
Australia,Peru,0,1
Nigeria,Argentina,1,3
Iceland,Croatia,1,1
South Korea,Germany,0,2
Mexico,Sweden,1,0
Serbia,Brazil,1,3
Switzerland,Costa Rica,1,0
Japan,Poland,1,1
Senegal,Colombia,0,0
England,Belgium,2,2
Panama,Tunisia,0,1
France,Argentina,0,0
Uruguay,Portugal,1,1
Spain,Russia,2,0
Croatia,Denmark,1,0
Brazil,Mexico,2,1
Belgium,Japan,1,0
Sweden,Switzerland,1,1
Colombia,England,0,2
Uruguay,France,1,1
Brazil,Belgium,1,0
Sweden,England,0,1
Russia,Croatia,1,2
France,Belgium,0,1
England,Croatia,1,0
