Team A,Team B,Team A Score,Team B Score
Russia,Saudi Arabia,2,0
Egypt,Uruguay,1,2
Morocco,Iran,2,0
Portugal,Spain,1,2
France,Australia,3,1
Argentina,Iceland,1,0
Peru,Denmark,1,1
Croatia,Nigeria,3,1
Costa Rica,Serbia,0,3
Germany,Mexico,3,0
Brazil,Switzerland,3,1
Sweden,South Korea,0,0
Belgium,Panama,3,0
Tunisia,England,0,3
Poland,Senegal,2,1
Colombia,Japan,2,1
Russia,Egypt,2,0
Portugal,Morocco,2,2
Uruguay,Saudi Arabia,4,0
Iran,Spain,0,2
France,Peru,0,1
Denmark,Australia,3,1
Argentina,Croatia,1,1
Brazil,Costa Rica,3,0
Nigeria,Iceland,1,0
Serbia,Switzerland,2,1
Belgium,Tunisia,2,0
Germany,Sweden,4,2
South Korea,Mexico,0,2
England,Panama,2,1
Japan,Senegal,0,0
Poland,Colombia,1,2
Uruguay,Russia,1,1
Saudi Arabia,Egypt,0,2
Spain,Morocco,1,0
Iran,Portugal,1,0
Denmark,France,1,1
Australia,Peru,1,3
Nigeria,Argentina,0,2
Iceland,Croatia,3,3
South Korea,Germany,0,2
Mexico,Sweden,0,1
Serbia,Brazil,0,2
Switzerland,Costa Rica,1,1
Japan,Poland,1,3
Senegal,Colombia,0,3
England,Belgium,0,1
Panama,Tunisia,0,0
France,Argentina,1,2
Uruguay,Portugal,2,1
Spain,Russia,1,0
Croatia,Denmark,3,0
Brazil,Mexico,3,3
Belgium,Japan,0,0
Sweden,Switzerland,1,1
Colombia,England,1,3
Uruguay,France,2,0
Brazil,Belgium,2,3
Sweden,England,0,2
Russia,Croatia,1,3
France,Belgium,1,1
England,Croatia,1,0
