Team A,Team B,Team A Score,Team B Score
Russia,Saudi Arabia,2,1
Egypt,Uruguay,2,2
Morocco,Iran,0,0
Portugal,Spain,0,2
France,Australia,3,0
Argentina,Iceland,4,1
Peru,Denmark,0,1
Croatia,Nigeria,2,0
Costa Rica,Serbia,2,1
Germany,Mexico,3,0
Brazil,Switzerland,4,0
Sweden,South Korea,0,0
Belgium,Panama,2,0
Tunisia,England,1,2
Poland,Senegal,2,0
Colombia,Japan,3,2
Russia,Egypt,1,0
Portugal,Morocco,2,0
Uruguay,Saudi Arabia,2,0
Iran,Spain,0,4
France,Peru,2,0
Denmark,Australia,1,1
Argentina,Croatia,3,1
Brazil,Costa Rica,2,0
Nigeria,Iceland,0,1
Serbia,Switzerland,0,1
Belgium,Tunisia,2,0
Germany,Sweden,4,0
South Korea,Mexico,0,0
England,Panama,3,0
Japan,Senegal,0,0
Poland,Colombia,1,1
Uruguay,Russia,2,1
Saudi Arabia,Egypt,0,2
Spain,Morocco,2,0
Iran,Portugal,0,1
Denmark,France,0,2
Australia,Peru,1,1
Nigeria,Argentina,0,2
Iceland,Croatia,1,2
South Korea,Germany,1,3
Mexico,Sweden,0,2
Serbia,Brazil,0,3
Switzerland,Costa Rica,1,2
Japan,Poland,1,1
Senegal,Colombia,0,0
England,Belgium,1,1
Panama,Tunisia,0,0
France,Argentina,1,2
Uruguay,Portugal,0,1
Spain,Russia,3,2
Croatia,Denmark,1,0
Brazil,Mexico,3,0
Belgium,Japan,3,1
Sweden,Switzerland,1,1
Colombia,England,0,2
Uruguay,France,1,1
Brazil,Belgium,2,1
Sweden,England,0,1
Russia,Croatia,2,1
France,Belgium,1,2
England,Croatia,1,1
