Team A,Team B,Team A Score,Team B Score
Russia,Saudi Arabia,0,0
Egypt,Uruguay,1,2
Morocco,Iran,2,0
Portugal,Spain,2,3
France,Australia,4,0
Argentina,Iceland,1,0
Peru,Denmark,0,3
Croatia,Nigeria,2,2
Costa Rica,Serbia,1,1
Germany,Mexico,3,1
Brazil,Switzerland,4,3
Sweden,South Korea,2,0
Belgium,Panama,1,0
Tunisia,England,2,2
Poland,Senegal,1,0
Colombia,Japan,2,0
Russia,Egypt,0,1
Portugal,Morocco,4,0
Uruguay,Saudi Arabia,5,1
Iran,Spain,0,3
France,Peru,3,1
Denmark,Australia,1,1
Argentina,Croatia,1,0
Brazil,Costa Rica,6,1
Nigeria,Iceland,0,0
Serbia,Switzerland,1,3
Belgium,Tunisia,2,1
Germany,Sweden,2,1
South Korea,Mexico,0,2
England,Panama,3,0
Japan,Senegal,1,0
Poland,Colombia,3,3
Uruguay,Russia,1,0
Saudi Arabia,Egypt,0,1
Spain,Morocco,2,1
Iran,Portugal,0,3
Denmark,France,2,2
Australia,Peru,1,0
Nigeria,Argentina,1,3
Iceland,Croatia,1,0
South Korea,Germany,0,5
Mexico,Sweden,1,3
Serbia,Brazil,1,2
Switzerland,Costa Rica,2,1
Japan,Poland,1,1
Senegal,Colombia,1,1
England,Belgium,1,2
Panama,Tunisia,2,1
France,Argentina,2,1
Uruguay,Portugal,0,0
Spain,Russia,4,0
Croatia,Denmark,1,0
Brazil,Mexico,3,1
Belgium,Japan,4,0
Sweden,Switzerland,2,3
Colombia,England,1,2
Uruguay,France,0,1
Brazil,Belgium,1,2
Sweden,England,1,3
Russia,Croatia,0,3
France,Belgium,1,0
England,Croatia,3,2
Belgium,England,0,1
France,Croatia,3,0
