Team A,Team B,Team A Score,Team B Score
Russia,Saudi Arabia,2,0
Egypt,Uruguay,1,2
Morocco,Iran,1,1
Portugal,Spain,2,2
France,Australia,3,1
Argentina,Iceland,1,0
Peru,Denmark,2,0
Croatia,Nigeria,1,1
Costa Rica,Serbia,2,0
Germany,Mexico,1,0
Brazil,Switzerland,3,0
Sweden,South Korea,1,1
Belgium,Panama,4,0
Tunisia,England,0,2
Poland,Senegal,1,0
Colombia,Japan,3,1
Russia,Egypt,2,1
Portugal,Morocco,2,0
Uruguay,Saudi Arabia,2,0
Iran,Spain,0,2
France,Peru,3,0
Denmark,Australia,0,1
Argentina,Croatia,2,0
Brazil,Costa Rica,3,0
Nigeria,Iceland,2,1
Serbia,Switzerland,1,1
Belgium,Tunisia,2,0
Germany,Sweden,2,0
South Korea,Mexico,1,0
England,Panama,2,0
Japan,Senegal,1,3
Poland,Colombia,1,1
Uruguay,Russia,0,1
Saudi Arabia,Egypt,1,2
Spain,Morocco,2,0
Iran,Portugal,1,2
Denmark,France,0,2
Australia,Peru,0,0
Nigeria,Argentina,1,2
Iceland,Croatia,0,2
South Korea,Germany,1,3
Mexico,Sweden,1,1
Serbia,Brazil,0,3
Switzerland,Costa Rica,0,1
Japan,Poland,1,1
Senegal,Colombia,1,1
England,Belgium,1,1
Panama,Tunisia,0,1
France,Argentina,1,1
Uruguay,Portugal,2,1
Spain,Russia,2,0
Croatia,Denmark,2,0
Brazil,Mexico,3,1
Belgium,Japan,4,1
Sweden,Switzerland,1,1
Colombia,England,1,2
Uruguay,France,0,2
Brazil,Belgium,1,1
Sweden,England,0,1
Russia,Croatia,1,1
France,Belgium,1,1
England,Croatia,1,1
Belgium,England,1,2
France,Croatia,3,0
