Team A,Team B,Team A Score,Team B Score
Russia,Saudi Arabia,2,0
Egypt,Uruguay,0,1
Morocco,Iran,1,0
Portugal,Spain,0,1
France,Australia,2,0
Argentina,Iceland,2,0
Peru,Denmark,0,1
Croatia,Nigeria,1,0
Costa Rica,Serbia,0,1
Germany,Mexico,2,0
Brazil,Switzerland,2,0
Sweden,South Korea,1,0
Belgium,Panama,2,0
Tunisia,England,0,2
Poland,Senegal,1,0
Colombia,Japan,1,0
Russia,Egypt,1,0
Portugal,Morocco,1,0
Uruguay,Saudi Arabia,2,0
Iran,Spain,0,2
France,Peru,2,0
Denmark,Australia,1,0
Argentina,Croatia,1,0
Brazil,Costa Rica,2,0
Nigeria,Iceland,1,0
Serbia,Switzerland,0,1
Belgium,Tunisia,2,0
Germany,Sweden,2,0
South Korea,Mexico,0,1
England,Panama,2,0
Japan,Senegal,0,1
Poland,Colombia,0,1
Uruguay,Russia,1,0
Saudi Arabia,Egypt,0,1
Spain,Morocco,2,0
Iran,Portugal,0,2
Denmark,France,0,1
Australia,Peru,0,1
Nigeria,Argentina,0,2
Iceland,Croatia,0,1
South Korea,Germany,0,2
Mexico,Sweden,1,0
Serbia,Brazil,0,2
Switzerland,Costa Rica,1,0
Japan,Poland,0,1
Senegal,Colombia,0,1
England,Belgium,0,1
Panama,Tunisia,0,1
France,Argentina,1,0
Uruguay,Portugal,1,0
Spain,Russia,2,0
Croatia,Denmark,1,0
Brazil,Mexico,2,0
Belgium,Japan,2,0
Sweden,Switzerland,0,1
Colombia,England,0,1
Uruguay,France,0,1
Brazil,Belgium,1,0
Sweden,England,0,1
Russia,Croatia,0,1
France,Belgium,1,0
England,Croatia,1,0
Belgium,England,2,1
France,Croatia,1,0
