Team A,Team B,Team A Score,Team B Score
Russia,Saudi Arabia,3,0
Egypt,Uruguay,0,2
Morocco,Iran,1,0
Portugal,Spain,0,1
France,Australia,4,0
Argentina,Iceland,3,0
Peru,Denmark,0,1
Croatia,Nigeria,1,0
Costa Rica,Serbia,0,1
Germany,Mexico,2,0
Brazil,Switzerland,3,0
Sweden,South Korea,1,0
Belgium,Panama,6,0
Tunisia,England,0,3
Poland,Senegal,1,0
Colombia,Japan,1,0
Russia,Egypt,1,0
Portugal,Morocco,2,0
Uruguay,Saudi Arabia,11,0
Iran,Spain,0,5
France,Peru,2,0
Denmark,Australia,1,0
Argentina,Croatia,1,0
Brazil,Costa Rica,4,0
Nigeria,Iceland,1,1
Serbia,Switzerland,1,1
Belgium,Tunisia,3,0
Germany,Sweden,9,0
South Korea,Mexico,0,1
England,Panama,5,0
Japan,Senegal,0,1
Poland,Colombia,1,1
Uruguay,Russia,1,0
Saudi Arabia,Egypt,0,1
Spain,Morocco,3,0
Iran,Portugal,0,3
Denmark,France,0,2
Australia,Peru,0,1
Nigeria,Argentina,0,2
Iceland,Croatia,0,1
South Korea,Germany,0,3
Mexico,Sweden,1,0
Serbia,Brazil,0,3
Switzerland,Costa Rica,1,0
Japan,Poland,0,1
Senegal,Colombia,0,1
England,Belgium,1,1
Panama,Tunisia,0,1
France,Argentina,1,0
Uruguay,Portugal,1,1
Spain,Russia,2,0
Croatia,Denmark,1,0
Brazil,Mexico,2,0
Belgium,Japan,3,0
Sweden,Switzerland,0,1
Colombia,England,0,1
Uruguay,France,0,1
Brazil,Belgium,1,0
Sweden,England,0,1
Russia,Croatia,0,1
France,Belgium,1,1
England,Croatia,0,1
Belgium,England,1,0
France,Croatia,1,0
