Team A,Team B,Team A Score,Team B Score
Russia,Saudi Arabia,0,1
Egypt,Uruguay,0,0
Morocco,Iran,0,1
Portugal,Spain,1,0
France,Australia,1,0
Argentina,Iceland,0,1
Peru,Denmark,0,1
Croatia,Nigeria,0,1
Costa Rica,Serbia,0,1
Germany,Mexico,1,0
Brazil,Switzerland,0,1
Sweden,South Korea,1,0
Belgium,Panama,1,0
Tunisia,England,0,1
Poland,Senegal,0,1
Colombia,Japan,0,0
Russia,Egypt,0,1
Portugal,Morocco,1,0
Uruguay,Saudi Arabia,0,0
Iran,Spain,0,0
France,Peru,1,0
Denmark,Australia,1,0
Argentina,Croatia,1,0
Brazil,Costa Rica,1,0
Nigeria,Iceland,0,1
Serbia,Switzerland,0,1
Belgium,Tunisia,1,0
Germany,Sweden,1,0
South Korea,Mexico,1,0
England,Panama,1,0
Japan,Senegal,0,1
Poland,Colombia,1,0
Uruguay,Russia,1,0
Saudi Arabia,Egypt,0,0
Spain,Morocco,1,0
Iran,Portugal,0,1
Denmark,France,1,0
Australia,Peru,1,0
Nigeria,Argentina,0,0
Iceland,Croatia,1,0
South Korea,Germany,0,1
Mexico,Sweden,0,1
Serbia,Brazil,0,0
Switzerland,Costa Rica,1,0
Japan,Poland,0,1
Senegal,Colombia,1,0
England,Belgium,1,0
Panama,Tunisia,0,0
France,Argentina,0,1
Uruguay,Portugal,0,1
Spain,Russia,1,0
Croatia,Denmark,0,1
Brazil,Mexico,1,0
Belgium,Japan,1,0
Sweden,Switzerland,0,1
Colombia,England,0,1
Uruguay,France,0,1
Brazil,Belgium,0,1
Sweden,England,0,1
Russia,Croatia,0,0
France,Belgium,0,0
England,Croatia,1,0
Belgium,England,0,1
France,Croatia,1,0
