Team A,Team B,Team A Score,Team B Score
Russia,Saudi Arabia,1,0
Egypt,Uruguay,0,1
Morocco,Iran,1,1
Portugal,Spain,1,1
France,Australia,1,0
Argentina,Iceland,1,1
Peru,Denmark,1,1
Croatia,Nigeria,1,0
Costa Rica,Serbia,1,1
Germany,Mexico,1,0
Brazil,Switzerland,1,0
Sweden,South Korea,1,1
Belgium,Panama,1,0
Tunisia,England,0,1
Poland,Senegal,1,1
Colombia,Japan,1,0
Russia,Egypt,1,1
Portugal,Morocco,1,0
Uruguay,Saudi Arabia,1,0
Iran,Spain,0,1
France,Peru,1,1
Denmark,Australia,1,1
Argentina,Croatia,1,1
Brazil,Costa Rica,1,0
Nigeria,Iceland,1,1
Serbia,Switzerland,1,1
Belgium,Tunisia,1,0
Germany,Sweden,1,0
South Korea,Mexico,1,1
England,Panama,1,0
Japan,Senegal,1,1
Poland,Colombia,1,1
Uruguay,Russia,1,1
Saudi Arabia,Egypt,1,1
Spain,Morocco,1,0
Iran,Portugal,0,1
Denmark,France,1,1
Australia,Peru,1,1
Nigeria,Argentina,0,1
Iceland,Croatia,1,1
South Korea,Germany,0,1
Mexico,Sweden,1,1
Serbia,Brazil,0,1
Switzerland,Costa Rica,1,1
Japan,Poland,0,1
Senegal,Colombia,1,1
England,Belgium,1,1
Panama,Tunisia,1,1
France,Argentina,1,1
Uruguay,Portugal,1,1
Spain,Russia,1,0
Croatia,Denmark,1,1
Brazil,Mexico,1,0
Belgium,Japan,1,0
Sweden,Switzerland,1,1
Colombia,England,1,1
Uruguay,France,1,1
Brazil,Belgium,1,1
Sweden,England,1,1
Russia,Croatia,1,1
France,Belgium,1,1
England,Croatia,1,1
