Team A,Team B,Team A Score,Team B Score
Russia,Saudi Arabia,1,0
Egypt,Uruguay,1,0
Morocco,Iran,1,0
Portugal,Spain,0,1
France,Australia,1,0
Argentina,Iceland,1,0
Peru,Denmark,1,0
Croatia,Nigeria,1,0
Costa Rica,Serbia,1,0
Germany,Mexico,1,0
Brazil,Switzerland,1,0
Sweden,South Korea,1,0
Belgium,Panama,1,0
Tunisia,England,0,1
Poland,Senegal,1,0
Colombia,Japan,1,0
Russia,Egypt,1,0
Portugal,Morocco,1,0
Uruguay,Saudi Arabia,1,0
Iran,Spain,0,1
France,Peru,0,1
Denmark,Australia,1,0
Argentina,Croatia,1,0
Brazil,Costa Rica,1,0
Nigeria,Iceland,1,0
Serbia,Switzerland,1,0
Belgium,Tunisia,1,0
Germany,Sweden,1,0
South Korea,Mexico,0,1
England,Panama,1,0
Japan,Senegal,1,0
Poland,Colombia,1,0
Uruguay,Russia,1,0
Saudi Arabia,Egypt,0,1
Spain,Morocco,1,0
Iran,Portugal,0,1
Denmark,France,0,1
Australia,Peru,1,0
Nigeria,Argentina,0,1
Iceland,Croatia,0,1
South Korea,Germany,0,1
Mexico,Sweden,1,0
Serbia,Brazil,0,1
Switzerland,Costa Rica,1,0
Japan,Poland,1,0
Senegal,Colombia,0,1
England,Belgium,0,1
Panama,Tunisia,0,1
France,Argentina,2,1
Uruguay,Portugal,2,1
Spain,Russia,2,1
Croatia,Denmark,2,1
Brazil,Mexico,2,1
Belgium,Japan,2,1
Sweden,Switzerland,2,1
Colombia,England,1,2
Uruguay,France,1,2
Brazil,Belgium,2,1
Sweden,England,1,2
Russia,Croatia,1,2
France,Belgium,3,1
England,Croatia,3,1
Belgium,England,2,1
France,Croatia,2,1
