Team A,Team B,Team A Score,Team B Score
Russia,Saudi Arabia,2,0
Egypt,Uruguay,0,3
Morocco,Iran,1,1
Portugal,Spain,1,1
France,Australia,3,1
Argentina,Iceland,2,1
Peru,Denmark,1,1
Croatia,Nigeria,2,1
Costa Rica,Serbia,1,2
Germany,Mexico,3,1
Brazil,Switzerland,3,0
Sweden,South Korea,2,1
Belgium,Panama,3,0
Tunisia,England,1,2
Poland,Senegal,2,0
Colombia,Japan,2,1
Russia,Egypt,1,1
Portugal,Morocco,2,0
Uruguay,Saudi Arabia,3,0
Iran,Spain,0,2
France,Peru,2,1
Denmark,Australia,2,1
Argentina,Croatia,2,0
Brazil,Costa Rica,3,1
Nigeria,Iceland,1,1
Serbia,Switzerland,1,1
Belgium,Tunisia,2,0
Germany,Sweden,3,1
South Korea,Mexico,1,2
England,Panama,2,0
Japan,Senegal,0,1
Poland,Colombia,1,1
Uruguay,Russia,2,1
Saudi Arabia,Egypt,0,1
Spain,Morocco,2,1
Iran,Portugal,0,1
Denmark,France,1,2
Australia,Peru,1,1
Nigeria,Argentina,1,2
Iceland,Croatia,2,1
South Korea,Germany,0,2
Mexico,Sweden,2,1
Serbia,Brazil,1,2
Switzerland,Costa Rica,2,0
Japan,Poland,1,2
Senegal,Colombia,1,1
England,Belgium,1,2
Panama,Tunisia,0,1
KO1,,1,1
KO2,,1,0
KO3,,2,1
KO4,,2,0
KO5,,2,1
KO6,,3,0
KO7,,1,1
KO8,,1,2
Uruguay,France,1,1
Brazil,Belgium,2,1
Sweden,England,1,1
Russia,Croatia,1,2
France,Belgium,2,1
England,Croatia,1,1
Belgium,England,1,0
France,Croatia,2,1
