Team A,Team B,Team A Score,Team B Score
Russia,Saudi Arabia,1,0
Egypt,Uruguay,1,2
Morocco,Iran,0,1
Portugal,Spain,1,0
France,Australia,2,0
Argentina,Iceland,4,0
Peru,Denmark,0,1
Croatia,Nigeria,2,0
Costa Rica,Serbia,1,0
Germany,Mexico,4,0
Brazil,Switzerland,3,0
Sweden,South Korea,0,1
Belgium,Panama,2,0
Tunisia,England,0,3
Poland,Senegal,2,1
Colombia,Japan,2,0
Russia,Egypt,0,2
Portugal,Morocco,3,0
Uruguay,Saudi Arabia,4,0
Iran,Spain,0,2
France,Peru,3,0
Denmark,Australia,1,0
Argentina,Croatia,2,0
Brazil,Costa Rica,3,0
Nigeria,Iceland,0,1
Serbia,Switzerland,0,1
Belgium,Tunisia,3,0
Germany,Sweden,2,0
South Korea,Mexico,1,0
England,Panama,2,0
Japan,Senegal,0,1
Poland,Colombia,1,0
Uruguay,Russia,2,0
Saudi Arabia,Egypt,1,2
Spain,Morocco,2,0
Iran,Portugal,1,2
Denmark,France,1,2
Australia,Peru,1,0
Nigeria,Argentina,0,5
Iceland,Croatia,0,2
South Korea,Germany,0,1
Mexico,Sweden,0,1
Serbia,Brazil,0,2
Switzerland,Costa Rica,0,1
Japan,Poland,0,3
Senegal,Colombia,1,2
England,Belgium,1,1
Panama,Tunisia,1,0
France,Argentina,1,0
Uruguay,Portugal,1,2
Spain,Russia,3,0
Croatia,Denmark,3,1
Brazil,Mexico,2,0
Belgium,Japan,3,0
Sweden,Switzerland,0,1
Colombia,England,2,2
Uruguay,France,1,3
Brazil,Belgium,2,1
Sweden,England,0,3
Russia,Croatia,0,2
France,Belgium,2,1
England,Croatia,1,1
Belgium,England,0,2
France,Croatia,3,1
