Team A,Team B,Team A Score,Team B Score
Russia,Saudi Arabia,2,0
Egypt,Uruguay,0,2
Morocco,Iran,1,1
Portugal,Spain,0,1
France,Australia,2,0
Argentina,Iceland,2,0
Peru,Denmark,1,1
Croatia,Nigeria,1,0
Costa Rica,Serbia,0,1
Germany,Mexico,2,0
Brazil,Switzerland,2,0
Sweden,South Korea,2,0
Belgium,Panama,2,0
Tunisia,England,0,2
Poland,Senegal,1,1
Colombia,Japan,1,0
Russia,Egypt,2,0
Portugal,Morocco,2,0
Uruguay,Saudi Arabia,2,0
Iran,Spain,0,2
France,Peru,2,0
Denmark,Australia,2,0
Argentina,Croatia,1,1
Brazil,Costa Rica,2,0
Nigeria,Iceland,1,1
Serbia,Switzerland,1,1
Belgium,Tunisia,2,0
Germany,Sweden,2,0
South Korea,Mexico,0,2
England,Panama,2,0
Japan,Senegal,1,1
Poland,Colombia,1,1
Uruguay,Russia,1,1
Saudi Arabia,Egypt,0,1
Spain,Morocco,2,0
Iran,Portugal,0,2
Denmark,France,0,1
Australia,Peru,0,1
Nigeria,Argentina,0,2
Iceland,Croatia,0,2
South Korea,Germany,0,2
Mexico,Sweden,1,1
Serbia,Brazil,0,2
Switzerland,Costa Rica,2,0
Japan,Poland,1,1
Senegal,Colombia,0,2
England,Belgium,1,1
Panama,Tunisia,1,1
France,Argentina,1,1
Uruguay,Portugal,1,1
Spain,Russia,2,1
Croatia,Denmark,1,1
Brazil,Mexico,2,1
Belgium,Japan,2,1
Sweden,Switzerland,1,1
Colombia,England,1,1
Uruguay,France,1,1
Brazil,Belgium,2,1
Sweden,England,1,1
Russia,Croatia,1,2
France,Belgium,1,2
Croatia,England,0,1
Belgium,England,0,1
France,Croatia,0,2
