Team A,Team B,Team A Score,Team B Score
Russia,Saudi Arabia,1,0
Egypt,Uruguay,1,2
Morocco,Iran,1,1
Portugal,Spain,1,1
France,Australia,2,0
Argentina,Iceland,2,0
Peru,Denmark,2,2
Croatia,Nigeria,3,1
Costa Rica,Serbia,0,2
Germany,Mexico,2,0
Brazil,Switzerland,3,1
Sweden,South Korea,0,0
Belgium,Panama,3,0
Tunisia,England,0,2
Poland,Senegal,0,0
Colombia,Japan,2,0
Russia,Egypt,1,1
Portugal,Morocco,2,0
Uruguay,Saudi Arabia,2,0
Iran,Spain,0,3
France,Peru,2,1
Denmark,Australia,1,0
Argentina,Croatia,1,1
Brazil,Costa Rica,3,0
Nigeria,Iceland,2,2
Serbia,Switzerland,0,0
Belgium,Tunisia,2,1
Germany,Sweden,2,1
South Korea,Mexico,2,2
England,Panama,2,0
Japan,Senegal,1,2
Poland,Colombia,1,1
Uruguay,Russia,2,1
Saudi Arabia,Egypt,1,1
Spain,Morocco,1,0
Iran,Portugal,0,2
Denmark,France,0,0
Australia,Peru,1,1
Nigeria,Argentina,1,3
Iceland,Croatia,1,1
South Korea,Germany,0,2
Mexico,Sweden,2,1
Serbia,Brazil,1,1
Switzerland,Costa Rica,2,0
Japan,Poland,0,2
Senegal,Colombia,2,1
England,Belgium,1,1
Panama,Tunisia,0,1
France,Argentina,1,1
Uruguay,Portugal,1,0
Spain,Russia,2,0
Croatia,Denmark,2,0
Brazil,Mexico,2,1
Belgium,Japan,2,0
Sweden,Switzerland,1,1
Colombia,England,1,2
Uruguay,France,1,0
Brazil,Belgium,1,2
Sweden,England,1,1
Russia,Croatia,0,2
France,Belgium,1,2
England,Croatia,0,2
