Team A,Team B,Team A Score,Team B Score
Russia,Saudi Arabia,1,0
Egypt,Uruguay,1,2
Morocco,Iran,1,1
Portugal,Spain,1,3
France,Australia,3,0
Argentina,Iceland,2,0
Peru,Denmark,1,1
Croatia,Nigeria,2,1
Costa Rica,Serbia,1,2
Germany,Mexico,3,1
Brazil,Switzerland,3,1
Sweden,South Korea,2,2
Belgium,Panama,3,0
Tunisia,England,0,2
Poland,Senegal,1,2
Colombia,Japan,2,0
Russia,Egypt,0,1
Portugal,Morocco,2,0
Uruguay,Saudi Arabia,3,0
Iran,Spain,0,4
France,Peru,3,1
Denmark,Australia,2,1
Argentina,Croatia,2,1
Brazil,Costa Rica,4,0
Nigeria,Iceland,2,2
Serbia,Switzerland,1,1
Belgium,Tunisia,3,1
Germany,Sweden,3,2
South Korea,Mexico,2,2
England,Panama,3,1
Japan,Senegal,1,2
Poland,Colombia,1,2
Uruguay,Russia,2,0
Saudi Arabia,Egypt,0,3
Spain,Morocco,3,1
Iran,Portugal,1,2
Denmark,France,0,3
Australia,Peru,2,2
Nigeria,Argentina,1,2
Iceland,Croatia,1,2
South Korea,Germany,0,3
Mexico,Sweden,1,1
Serbia,Brazil,1,3
Switzerland,Costa Rica,2,0
Japan,Poland,2,2
Senegal,Colombia,1,2
England,Belgium,3,2
Panama,Tunisia,1,2
France,Argentina,3,1
Uruguay,Portugal,2,1
Spain,Russia,3,1
Croatia,Denmark,3,1
Brazil,Mexico,3,2
Belgium,Japan,2,0
Sweden,Switzerland,1,1
Colombia,England,1,3
Uruguay,France,0,1
Brazil,Belgium,3,1
Sweden,England,0,2
Russia,Croatia,2,2
France,Belgium,3,2
England,Croatia,2,2
Belgium,England,2,2
France,Croatia,3,1
