Team A,Team B,Team A Score,Team B Score
Russia,Saudi Arabia,2,0
Egypt,Uruguay,1,3
Morocco,Iran,2,0
Portugal,Spain,1,1
France,Australia,4,0
Argentina,Iceland,4,0
Peru,Denmark,2,1
Croatia,Nigeria,3,1
Costa Rica,Serbia,0,2
Germany,Mexico,3,0
Brazil,Switzerland,3,1
Sweden,South Korea,2,1
Belgium,Panama,4,0
Tunisia,England,0,3
Poland,Senegal,3,1
Colombia,Japan,2,1
Russia,Egypt,1,2
Portugal,Morocco,3,1
Uruguay,Saudi Arabia,4,0
Iran,Spain,0,3
France,Peru,3,1
Denmark,Australia,2,1
Argentina,Croatia,3,1
Brazil,Costa Rica,3,0
Nigeria,Iceland,2,1
Serbia,Switzerland,2,2
Belgium,Tunisia,3,0
Germany,Sweden,3,0
South Korea,Mexico,0,2
England,Panama,4,0
Japan,Senegal,2,1
Poland,Colombia,3,2
Uruguay,Russia,3,0
Saudi Arabia,Egypt,0,3
Spain,Morocco,3,1
Iran,Portugal,0,4
Denmark,France,1,3
Australia,Peru,0,2
Nigeria,Argentina,0,4
Iceland,Croatia,1,2
South Korea,Germany,0,4
Mexico,Sweden,2,1
Serbia,Brazil,1,3
Switzerland,Costa Rica,3,1
Japan,Poland,1,3
Senegal,Colombia,1,2
England,Belgium,1,2
Panama,Tunisia,1,2
France,Argentina,3,1
Uruguay,Portugal,1,2
Spain,Russia,4,2
Croatia,Denmark,4,1
Brazil,Mexico,3,1
Belgium,Japan,3,1
Sweden,Switzerland,3,1
Colombia,England,1,2
Uruguay,France,1,2
Brazil,Belgium,2,1
Switzerland,Colombia,3,2
Russia,Croatia,1,2
Game 63,,2,3
Game 64,,3,2
Game 65,,3,2
Game 66,,1,2
