Team A,Team B,Team A Score,Team B Score
Russia,Saudi Arabia,2,2
Egypt,Uruguay,3,0
Morocco,Iran,4,0
Portugal,Spain,2,4
France,Australia,1,3
Argentina,Iceland,1,1
Peru,Denmark,3,1
Croatia,Nigeria,3,0
Costa Rica,Serbia,4,0
Germany,Mexico,1,1
Brazil,Switzerland,4,4
Sweden,South Korea,4,3
Belgium,Panama,2,0
Tunisia,England,3,2
Poland,Senegal,2,2
Colombia,Japan,2,0
Russia,Egypt,2,0
Portugal,Morocco,4,1
Uruguay,Saudi Arabia,0,0
Iran,Spain,1,1
France,Peru,4,4
Denmark,Australia,1,0
Argentina,Croatia,4,3
Brazil,Costa Rica,0,2
Nigeria,Iceland,2,0
Serbia,Switzerland,3,4
Belgium,Tunisia,3,2
Germany,Sweden,4,3
South Korea,Mexico,3,2
England,Panama,4,4
Japan,Senegal,4,3
Poland,Colombia,3,0
Uruguay,Russia,4,0
Saudi Arabia,Egypt,0,0
Spain,Morocco,0,3
Iran,Portugal,0,0
Denmark,France,2,4
Australia,Peru,0,0
Nigeria,Argentina,1,3
Iceland,Croatia,3,2
South Korea,Germany,0,1
Mexico,Sweden,3,3
Serbia,Brazil,1,1
Switzerland,Costa Rica,1,3
Japan,Poland,4,4
Senegal,Colombia,0,3
England,Belgium,3,2
Panama,Tunisia,0,0
France,Argentina,2,5
Uruguay,Portugal,3,3
Spain,Russia,2,3
Croatia,Denmark,0,4
Brazil,Mexico,2,2
Belgium,Japan,0,5
Sweden,Switzerland,5,2
Colombia,England,1,5
Uruguay,France,5,3
Brazil,Belgium,3,5
Switzerland,Colombia,2,5
Russia,Croatia,0,5
France,Belgium,2,1
England,Croatia,1,1
Belgium,England,3,5
France,Croatia,2,3
