Team A,Team B,Team A Score,Team B Score
Russia,Saudi Arabia,1,0
Egypt,Uruguay,1,0
Morocco,Iran,1,0
Portugal,Spain,1,0
France,Australia,1,1
Argentina,Iceland,1,1
Peru,Denmark,1,0
Croatia,Nigeria,0,1
Costa Rica,Serbia,3,0
Germany,Mexico,5,2
Brazil,Switzerland,5,3
Sweden,South Korea,5,3
Belgium,Panama,2,4
Tunisia,England,4,1
Poland,Senegal,5,2
Colombia,Japan,2,5
Russia,Egypt,5,3
Portugal,Morocco,0,5
Uruguay,Saudi Arabia,5,5
Iran,Spain,4,3
France,Peru,1,5
Denmark,Australia,1,0
Argentina,Croatia,4,4
Brazil,Costa Rica,3,4
Nigeria,Iceland,5,4
Serbia,Switzerland,0,3
Belgium,Tunisia,3,5
Germany,Sweden,2,4
South Korea,Mexico,4,2
England,Panama,1,3
Japan,Senegal,2,1
Poland,Colombia,1,3
Uruguay,Russia,3,4
Saudi Arabia,Egypt,0,5
Spain,Morocco,1,5
Iran,Portugal,0,0
Denmark,France,5,4
Australia,Peru,4,0
Nigeria,Argentina,0,5
Iceland,Croatia,5,1
South Korea,Germany,5,5
Mexico,Sweden,5,2
Serbia,Brazil,2,1
Switzerland,Costa Rica,0,4
Japan,Poland,4,5
Senegal,Colombia,3,2
England,Belgium,1,2
Panama,Tunisia,3,2
France,Argentina,0,1
Uruguay,Portugal,3,2
Spain,Russia,1,0
Croatia,Denmark,3,1
Brazil,Mexico,4,3
Belgium,Japan,0,3
Sweden,Switzerland,4,1
Colombia,England,1,3
Uruguay,France,4,0
Brazil,Belgium,1,5
Switzerland,Colombia,2,5
Russia,Croatia,3,4
France,Belgium,1,0
England,Croatia,4,4
Belgium,England,5,4
France,Croatia,4,2
