Team A,Team B,Team A Score,Team B Score
Turkey,Italy,0,5
Wales,Switzerland,4,3
Denmark,Finland,4,3
Belgium,Russia,5,2
England,Croatia,3,5
Austria,North Macedonia,5,0
Netherlands,Ukraine,0,4
Scotland,Czech Republic,1,2
Poland,Slovakia,2,2
Spain,Sweden,1,0
Hungary,Portugal,2,2
France,Germany,0,0
Finland,Russia,4,4
Turkey,Wales,1,0
Italy,Switzerland,5,4
Ukraine,North Macedonia,2,0
Denmark,Belgium,4,4
Netherlands,Austria,0,2
Sweden,Slovakia,5,3
Croatia,Czech Republic,0,5
England,Scotland,1,1
Hungary,France,1,0
Portugal,Germany,0,0
Spain,Poland,5,1
Switzerland,Turkey,0,4
Italy,Wales,0,5
North Macedonia,Netherlands,2,0
Ukraine,Austria,4,5
Russia,Denmark,2,3
Finland,Belgium,4,5
Croatia,Scotland,4,5
Czech Republic,England,0,4
Sweden,Poland,3,3
Slovakia,Spain,1,1
Portugal,France,2,4
Germany,Hungary,4,0
Group A Runner Up,Group B Runner Up,5,0
Group A Winner,Group C Runner Up,4,0
Group C Winner,Group D/E/F 3rd Place,5,4
Group B Winner,Group A/D/E/F 3rd Place,5,4
Group D Runner Up,Group E Runner Up,5,2
Group F Winner,Group A/B/C 3rd Place,4,5
Group D Winner,Group F Runner Up,2,2
Group E Winner,Group A/B/C/D 3rd Place,5,1
Match 42 Winner,Match 41 Winner,0,3
Match 40 Winner,Match 38 Winner,5,5
Match 39 Winner,Match 37 Winner,4,2
Match 44 Winner,Match 43 Winner,3,0
Match 45 Winner,Match 46 Winner,0,3
Match 47 Winner,Match 48 Winner,2,0
Match 49 Winner,Match 50 Winner,5,1
